BQ072092046GB,
BQ072092148GB,
BQ072092240GB,
BQ072092341GB,
BQ072092443GB,
BQ072092545GB,
BQ072092647GB,
BQ072092749GB,
BQ072092845GB,
BQ072092942GB,
BQ072093041GB,
BQ072093143GB,
BQ072093245GB,
BQ072093347GB,
BQ072093449GB,
BQ072093545GB,
BQ072093642GB,
BQ072093744GB,
BQ072093846GB,
BQ072093948GB,
BQ072094047GB,
BQ072094149GB,
BQ072094245GB,
BQ072094342GB,
BQ072094444GB,
BQ072094546GB,
BQ072094648GB,
BQ072094740GB,
BQ072094841GB,
BQ072094943GB,
BQ072095042GB,
BQ072095144GB,
BQ072095246GB,
BQ072095348GB,
BQ072095440GB,
BQ072095541GB,
BQ072095643GB,
BQ072095745GB,
BQ072095847GB,
BQ072095949GB,
BQ072096048GB,
BQ072096140GB,
BQ072096241GB,
BQ072096343GB,
BQ072096445GB,
BQ072096547GB,
BQ072096649GB,
BQ072096745GB,
BQ072096842GB,
BQ072096944GB,
BQ072097043GB,
BQ072097145GB,
BQ072097247GB,
BQ072097349GB,
BQ072097445GB,
BQ072097542GB,
BQ072097644GB,
BQ072097746GB,
BQ072097848GB,
BQ072097940GB,
BQ072098049GB,
BQ072098145GB
