0B0368488000000000039,
0B0368488000000000047,
0B036848800000000005A,
0B0368488000000000069,
0B0368488000000000078,
0B036848800000000008E,
0B036848800000000009C,
0B03684880000000000AA,
0B03684880000000000B8,
0B03684880000000000C6,
0B03684880000000000D2,
0B03684880000000000E1,
0B03684880000000000F0,
0B036848800000000010E,
0B036848800000000011C,
0B036848800000000012A,
0B0368488000000000138,
0B0368488000000000146,
0B0368488000000000159,
0B0368488000000000168,
0B0368488000000000177,
0B036848800000000018D,
0B036848800000000019B,
0B03684880000000001A9,
0B03684880000000001B7,
0B03684880000000001C5,
0B03684880000000001D1,
0B03684880000000001E0,
0B03684880000000001FF,
0B036848800000000020D,
0B036848800000000021B,
0B0368488000000000229,
0B0368488000000000237,
0B0368488000000000245,
0B0368488000000000258,
0B0368488000000000267,
0B0368488000000000276,
0B036848800000000028C,
0B036848800000000029A,
0B03684880000000002A8,
0B03684880000000002B6,
0B03684880000000002C4,
0B03684880000000002D0,
0B03684880000000002EF,
0B03684880000000002FE,
0B036848800000000030C,
0B036848800000000031A,
0B0368488000000000328,
0B0368488000000000336,
0B0368488000000000344,
0B0368488000000000357,
0B0368488000000000366,
0B0368488000000000375,
0B036848800000000038B,
0B0368488000000000399,
0B03684880000000003A7,
0B03684880000000003B5,
0B03684880000000003C3,
0B03684880000000003DF,
0B03684880000000003EE,
0B03684880000000003FD,
0B036848800000000040B,
0B0368488000000000419,
0B0368488000000000427,
0B0368488000000000435,
0B0368488000000000443,
0B0368488000000000456,
0B0368488000000000465,
0B0368488000000000474,
0B036848800000000048A,
0B0368488000000000498,
0B03684880000000004A6,
0B03684880000000004B4,
0B03684880000000004C2,
0B03684880000000004DE,
0B03684880000000004ED,
0B03684880000000004FC,
0B036848800000000050A,
0B0368488000000000518,
0B0368488000000000526,
0B0368488000000000534,
0B0368488000000000542,
0B0368488000000000555,
0B0368488000000000564,
0B0368488000000000573,
0B0368488000000000589,
0B0368488000000000597,
0B03684880000000005A5,
0B03684880000000005B3,
0B03684880000000005C1,
0B03684880000000005DD,
0B03684880000000005EC,
0B03684880000000005FB,
0B0368488000000000609,
0B0368488000000000617,
0B0368488000000000625,
0B0368488000000000633,
0B0368488000000000641,
0B0368488000000000654,
0B0368488000000000663,
0B0368488000000000672,
0B0368488000000000688,
0B0368488000000000696
